{
  "user_id": "00",
  "username": "ff",
  "anatomical_templates": [
    "00_bootstrap_anatomical_1761518189_97474f22",
    "00_bootstrap_anatomical_1761518191_c68bcee5",
    "00_bootstrap_anatomical_1761518192_028729cd",
    "00_bootstrap_anatomical_1761518194_c3110be6",
    "00_bootstrap_anatomical_1761518196_a32816ad",
    "00_bootstrap_anatomical_1761518197_cb145ebe",
    "00_bootstrap_anatomical_1761518199_47774e3e",
    "00_bootstrap_anatomical_1761518201_0648a876",
    "00_bootstrap_anatomical_1761518203_1c87b868",
    "00_bootstrap_anatomical_1761518205_7049f89e",
    "00_bootstrap_anatomical_1761518206_00fb79dc",
    "00_bootstrap_anatomical_1761518208_7080e904",
    "00_bootstrap_anatomical_1761518210_1844337d",
    "00_bootstrap_anatomical_1761518211_ce251667",
    "00_bootstrap_anatomical_1761518213_3580dae0",
    "00_bootstrap_anatomical_1761518214_22331444",
    "00_bootstrap_anatomical_1761518222_bf27b507",
    "00_bootstrap_anatomical_1761518223_68efb88b",
    "00_bootstrap_anatomical_1761518225_9745eb82",
    "00_bootstrap_anatomical_1761518227_0258e074",
    "00_bootstrap_anatomical_1761518229_d3277cea",
    "00_bootstrap_anatomical_1761518231_47e56e3b",
    "00_bootstrap_anatomical_1761518233_baa0c686",
    "00_bootstrap_anatomical_1761518234_d0eeab12",
    "00_bootstrap_anatomical_1761518236_049169a5"
  ],
  "dynamic_templates": [
    "00_bootstrap_dynamic_1761518205_9ac8050b",
    "00_bootstrap_dynamic_1761518206_872f509a",
    "00_bootstrap_dynamic_1761518208_d6fb490a",
    "00_bootstrap_dynamic_1761518210_bb804089",
    "00_bootstrap_dynamic_1761518211_5398f3a6",
    "00_bootstrap_dynamic_1761518213_508d68ef",
    "00_bootstrap_dynamic_1761518214_80b72928",
    "00_bootstrap_dynamic_1761518222_8749dded",
    "00_bootstrap_dynamic_1761518223_4b60493f",
    "00_bootstrap_dynamic_1761518225_445e1a19",
    "00_bootstrap_dynamic_1761518227_44b145d4",
    "00_bootstrap_dynamic_1761518229_a0482e3c",
    "00_bootstrap_dynamic_1761518231_ab4d0415",
    "00_bootstrap_dynamic_1761518233_7e777dc8",
    "00_bootstrap_dynamic_1761518234_1e1c41e6",
    "00_bootstrap_dynamic_1761518236_75542783"
  ],
  "multimodal_templates": [],
  "gesture_sequence": [
    "Open_Palm",
    "Closed_Fist",
    "Victory"
  ],
  "sequence_metadata": {},
  "total_enrollments": 41,
  "total_verifications": 0,
  "successful_verifications": 0,
  "last_activity": 1761518189.3432896,
  "quality_threshold": 0.7,
  "security_level": "standard",
  "created_at": 1761518189.3432896,
  "updated_at": 1761518236.5573733,
  "metadata": {
    "bootstrap_mode": true,
    "auto_created": true,
    "creation_reason": "First template enrollment in bootstrap mode",
    "bootstrap_templates": 41
  }
}